<?xml version="1.0" encoding="utf-8"?>
<CodeBlocks_compiler_options>
  <Program name="C" value="gcc.exe"/>
  <Program name="CPP" value="g++.exe"/>
  <Program name="LD" value="g++.exe"/>
  <Program name="DBGconfig" value="gdb_debugger:Default"/>
  <Program name="LIB" value="ar.exe"/>
  <Program name="WINDRES" value="windres.exe"/>
  <Program name="MAKE" value="mingw32-make.exe"/>
  <Switch name="includeDirs" value="-I"/>
  <Switch name="libDirs" value="-L"/>
  <Switch name="linkLibs" value="-l"/>
  <Switch name="defines" value="-D"/>
  <Switch name="genericSwitch" value="-"/>
  <Switch name="objectExtension" value="o"/>
  <Switch name="forceFwdSlashes" value="false"/>
  <Switch name="forceLinkerUseQuotes" value="false"/>
  <Switch name="forceCompilerUseQuotes" value="false"/>
  <Switch name="needDependencies" value="true"/>
  <Switch name="logging" value="default"/>
  <Switch name="libPrefix" value="lib"/>
  <Switch name="libExtension" value="a"/>
  <Switch name="linkerNeedsLibPrefix" value="false"/>
  <Switch name="linkerNeedsLibExtension" value="false"/>
  <Switch name="linkerNeedsPathResolved" value="false"/>
  <Switch name="supportsPCH" value="true"/>
  <Switch name="PCHExtension" value="gch"/>
  <Switch name="UseFlatObjects" value="false"/>
  <Switch name="UseFullSourcePaths" value="true"/>
  <Switch name="includeDirSeparator" value=" "/>
  <Switch name="libDirSeparator" value=" "/>
  <Switch name="objectSeparator" value=" "/>
  <Switch name="statusSuccess" value="0"/>
  <Switch name="Use83Paths" value="false"/>
  <Option name="Produce debugging symbols" option="-g" category="Debugging" checkAgainst="-O -O1 -O2 -O3 -Os" checkMessage="You have optimizations enabled. This is Not A Good Thing(tm) when producing debugging symbols..." supersedes="-s"/>
  <Option name="Profile code when executed" option="-pg" category="Profiling" additionalLibs="-pg -lgmon" supersedes="-s"/>
  <Option name="In C mode, support all ISO C90 programs. In C++ mode, remove GNU extensions that conflict with ISO C++" option="-ansi" category="Warnings"/>
  <Option name="Enable all common compiler warnings (overrides many other settings)" option="-Wall" category="Warnings" supersedes="-w"/>
  <Option name="Enable extra compiler warnings" option="-Wextra" category="Warnings"/>
  <Option name="Stop compiling after first error" option="-Wfatal-errors" category="Warnings"/>
  <Option name="Inhibit all warning messages" option="-w" category="Warnings" supersedes="-Wall"/>
  <Option name="Have g++ follow the 1998 ISO C++ language standard" option="-std=c++98" category="Warnings" supersedes="-std=c++0x -std=c++11"/>
  <Option name="Have g++ follow the coming C++0x ISO C++ language standard" option="-std=c++0x" category="Warnings" supersedes="-std=c++98 -std=c++11"/>
  <Option name="Have g++ follow the C++11 ISO C++ language standard" option="-std=c++11" category="Warnings" supersedes="-std=c++98 -std=c++0x"/>
  <Option name="Have g++ follow the C++14 ISO C++ language standard" option="-std=c++14" supersedes="-std=c++98 -std=c++0x -std=c++11"/>
  <Option name="Warn if '0' is used as a null pointer constant" option="-Wzero-as-null-pointer-constant" category="Warnings"/>
  <Option name="Enable warnings demanded by strict ISO C and ISO C++" option="-pedantic" category="Warnings"/>
  <Option name="Treat as errors the warnings demanded by strict ISO C and ISO C++" option="-pedantic-errors" category="Warnings"/>
  <Option name="Warn if main() is not conformant" option="-Wmain" category="Warnings"/>
  <Option name="Enable Effective-C++ warnings (thanks Scott Meyers)" option="-Weffc++" category="Warnings"/>
  <Option name="Warn whenever a switch statement does not have a default case" option="-Wswitch-default" category="Warnings"/>
  <Option name="Warn whenever a switch statement has an index of enumerated type and lacks a case for one or more of the named codes of that enumeration" option="-Wswitch-enum" category="Warnings"/>
  <Option name="Warn if a user supplied include directory does not exist" option="-Wmissing-include-dirs" category="Warnings"/>
  <Option name="Warn if a global function is defined without a previous declaration" option="-Wmissing-declarations" category="Warnings"/>
  <Option name="Warn if the compiler detects that code will never be executed" option="-Wunreachable-code" category="Warnings"/>
  <Option name="Warn if a function can not be inlined and it was declared as inline" option="-Winline" category="Warnings"/>
  <Option name="Warn if floating point values are used in equality comparisons" option="-Wfloat-equal" category="Warnings"/>
  <Option name="Warn if an undefined identifier is evaluated in an '#if' directive" option="-Wundef" category="Warnings"/>
  <Option name="Warn whenever a pointer is cast such that the required alignment of the target is increased" option="-Wcast-align" category="Warnings"/>
  <Option name="Warn if anything is declared more than once in the same scope" option="-Wredundant-decls" category="Warnings"/>
  <Option name="Warn about unitialized variables which are initialized with themselves" option="-Winit-self" category="Warnings"/>
  <Option name="Warn whenever a local variable shadows another local variable, parameter or global variable or whenever a built-in function is shadowed" option="-Wshadow" category="Warnings"/>
  <Option name="Warn if a class has virtual functions but no virtual destructor" option="-Wnon-virtual-dtor" category="Warnings"/>
  <Option name="Strip all symbols from binary (minimizes size)" category="Optimization" additionalLibs="-s" supersedes="-g -ggdb -pg"/>
  <Option name="Optimize generated code (for speed)" option="-O" category="Optimization" checkAgainst="-g -ggdb" checkMessage="You have debugging symbols enabled. This is Not A Good Thing(tm) when optimizing..." supersedes="-O1 -O2 -O3 -Os"/>
  <Option name="Optimize more (for speed)" option="-O1" category="Optimization" checkAgainst="-g -ggdb" checkMessage="You have debugging symbols enabled. This is Not A Good Thing(tm) when optimizing..." supersedes="-O -O2 -O3 -Os"/>
  <Option name="Optimize even more (for speed)" option="-O2" category="Optimization" checkAgainst="-g -ggdb" checkMessage="You have debugging symbols enabled. This is Not A Good Thing(tm) when optimizing..." supersedes="-O -O1 -O3 -Os"/>
  <Option name="Optimize fully (for speed)" option="-O3" category="Optimization" checkAgainst="-g -ggdb" checkMessage="You have debugging symbols enabled. This is Not A Good Thing(tm) when optimizing..." supersedes="-O -O1 -O2 -Os"/>
  <Option name="Optimize generated code (for size)" option="-Os" category="Optimization" checkAgainst="-g -ggdb" checkMessage="You have debugging symbols enabled. This is Not A Good Thing(tm) when optimizing..." supersedes="-O -O1 -O2 -O3"/>
  <Option name="Expensive optimizations" option="-fexpensive-optimizations" category="Optimization" checkAgainst="-g -ggdb" checkMessage="You have debugging symbols enabled. This is Not A Good Thing(tm) when optimizing..."/>
  <Option name="Don't keep the frame pointer in a register for functions that don't need one" option="-fomit-frame-pointer" category="Optimization" checkAgainst="-g -ggdb" checkMessage="You have debugging symbols enabled. This is Not A Good Thing(tm) when optimizing..."/>
  <Option name="Intel i386" option="-march=i386" category="CPU architecture tuning" exclusive="true"/>
  <Option name="Intel i486" option="-march=i486" category="CPU architecture tuning" exclusive="true"/>
  <Option name="Intel Pentium" option="-march=i586" category="CPU architecture tuning" exclusive="true"/>
  <Option name="Intel Pentium (MMX)" option="-march=pentium-mmx" category="CPU architecture tuning" exclusive="true"/>
  <Option name="Intel Pentium PRO" option="-march=i686" category="CPU architecture tuning" exclusive="true"/>
  <Option name="Intel Pentium 2 (MMX)" option="-march=pentium2" category="CPU architecture tuning" exclusive="true"/>
  <Option name="Intel Pentium 3 (MMX, SSE)" option="-march=pentium3" category="CPU architecture tuning" exclusive="true"/>
  <Option name="Intel Pentium 4 (MMX, SSE, SSE2)" option="-march=pentium4" category="CPU architecture tuning" exclusive="true"/>
  <Option name="Intel Pentium 4 Prescott (MMX, SSE, SSE2, SSE3)" option="-march=prescott" category="CPU architecture tuning" exclusive="true"/>
  <Option name="Intel Pentium 4 Nocona (MMX, SSE, SSE2, SSE3, 64bit extensions)" option="-march=nocona" category="CPU architecture tuning" exclusive="true"/>
  <Option name="Intel Pentium M (MMX, SSE, SSE2)" option="-march=pentium-m" category="CPU architecture tuning" exclusive="true"/>
  <Option name="Intel Core2 (MMX, SSE, SSE2, SSE3, SSSE3, 64bit extensions)" option="-march=core2" category="CPU architecture tuning" exclusive="true"/>
  <Option name="Intel Core i7 CPU (MMX, SSE, SSE2, SSE3, SSSE3, SSE4.1, SSE4.2, 64-bit extensions)" option="-march=corei7" category="CPU architecture tuning" exclusive="true"/>
  <Option name="Intel Core i7 CPU (MMX, SSE, SSE2, SSE3, SSSE3, SSE4.1, SSE4.2, AVX, AES, PCLMUL, 64-bit extensions)" option="-march=corei7-avx" category="CPU architecture tuning" exclusive="true"/>
  <Option name="Intel Atom (MMX, SSE, SSE2, SSE3 SSSE3, 64-bit extensions)" option="-march=atom" category="CPU architecture tuning" exclusive="true"/>
  <Option name="AMD K6 (MMX)" option="-march=k6" category="CPU architecture tuning" exclusive="true"/>
  <Option name="AMD K6-2 (MMX, 3DNow!)" option="-march=k6-2" category="CPU architecture tuning" exclusive="true"/>
  <Option name="AMD K6-3 (MMX, 3DNow!)" option="-march=k6-3" category="CPU architecture tuning" exclusive="true"/>
  <Option name="AMD Athlon (MMX, 3DNow!, enhanced 3DNow!, SSE prefetch)" option="-march=athlon" category="CPU architecture tuning" exclusive="true"/>
  <Option name="AMD Athlon Thunderbird (MMX, 3DNow!, enhanced 3DNow!, SSE prefetch)" option="-march=athlon-tbird" category="CPU architecture tuning" exclusive="true"/>
  <Option name="AMD Athlon 4 (MMX, 3DNow!, enhanced 3DNow!, full SSE)" option="-march=athlon-4" category="CPU architecture tuning" exclusive="true"/>
  <Option name="AMD Athlon XP (MMX, 3DNow!, enhanced 3DNow!, full SSE)" option="-march=athlon-xp" category="CPU architecture tuning" exclusive="true"/>
  <Option name="AMD Athlon MP (MMX, 3DNow!, enhanced 3DNow!, full SSE)" option="-march=athlon-mp" category="CPU architecture tuning" exclusive="true"/>
  <Option name="AMD K8 core (x86-64 instruction set)" option="-march=k8" category="CPU architecture tuning" exclusive="true"/>
  <Option name="AMD Opteron (x86-64 instruction set)" option="-march=opteron" category="CPU architecture tuning" exclusive="true"/>
  <Option name="AMD Athlon64 (x86-64 instruction set)" option="-march=athlon64" category="CPU architecture tuning" exclusive="true"/>
  <Option name="AMD Athlon-FX (x86-64 instruction set)" option="-march=athlon-fx" category="CPU architecture tuning" exclusive="true"/>
  <Command name="CompileObject" value="$compiler $options $includes -c $file -o $object"/>
  <Command name="CompileObject" value="swig -c++ -lua $includes -o $file_dir/$file_name.cpp $file" ext="i" gen="$file_dir/$file_name.cpp"/>
  <Command name="CompileObject" value="ragel $file -C -L -o $file.cpp" ext="rl" gen="$file.cpp"/>
  <Command name="CompileObject" value="bison -v -d $file -o $file_dir/$file_name.parser.cc" ext="y" gen="$file_dir/$file_name.parser.cc;$file_dir/$file_name.parser.hh"/>
  <Command name="CompileObject" value="flex -o$file_dir/$file_name.scanner.cc $file" ext="l" gen="$file_dir/$file_name.scanner.cc"/>
  <Command name="CompileObject" value="cython $file" ext="pyx" gen="$file_dir/$file_name.c"/>
  <Command name="CompileObject" value="lzz $includes $file" ext="lzz" gen="$file_dir/$file_name.cpp;$file_dir/$file_name.h"/>
  <Command name="GenDependencies" value="$compiler -MM $options -MF $dep_object -MT $object $includes $file"/>
  <Command name="CompileResource" value="$rescomp $res_includes -J rc -O coff -i $file -o $resource_output"/>
  <Command name="LinkExe" value="$linker $libdirs -o $exe_output $link_objects $link_resobjects $link_options $libs -mwindows"/>
  <Command name="LinkConsoleExe" value="$linker $libdirs -o $exe_output $link_objects $link_resobjects $link_options $libs"/>
  <Command name="LinkDynamic" value="$linker -shared -Wl,--output-def=$def_output -Wl,--out-implib=$static_output -Wl,--dll $libdirs $link_objects $link_resobjects -o $exe_output $link_options $libs"/>
  <Command name="LinkStatic" value="cmd /c if exist $static_output del $static_output&#xA;$lib_linker -r -s $static_output $link_objects"/>
  <Command name="LinkNative" value="$linker $libdirs -o $exe_output $link_objects $link_resobjects $link_options $libs -Wl,--subsystem,native"/>
  <RegEx name="Fatal error" type="error" msg="1">
    <![CDATA[FATAL:[ \t]*(.*)]]>
  </RegEx>
  <RegEx name="'In function...' info" type="info" msg="2" file="1">
    <![CDATA[([][{}() \t#%$~[:alnum:]&_:+/\.-]+):[ \t]+([iI]n ([cC]lass|[cC]onstructor|[dD]estructor|[fF]unction|[mM]ember [fF]unction).*)]]>
  </RegEx>
  <RegEx name="'Skipping N instantiation contexts' info (2)" type="info" msg="3" file="1" line="2">
    <![CDATA[([][{}() \t#%$~[:alnum:]&_:+/\.-]+):([0-9]+):[0-9]+:[ \t]+(\[[ \t]+[Ss]kipping [0-9]+ instantiation contexts[ \t]+\])]]>
  </RegEx>
  <RegEx name="'Skipping N instantiation contexts' info" type="info" msg="3" file="1" line="2">
    <![CDATA[([][{}() \t#%$~[:alnum:]&_:+/\.-]+):([0-9]+):[ \t]+(\[[ \t]+[Ss]kipping [0-9]+ instantiation contexts[ \t]+\])]]>
  </RegEx>
  <RegEx name="'In instantiation' warning" type="warning" msg="2" file="1">
    <![CDATA[([][{}() \t#%$~[:alnum:]&_:+/\.-]+):[ \t]+([Ii]n [Ii]nstantiation.*)]]>
  </RegEx>
  <RegEx name="'Required from' warning" type="warning" msg="3" file="1" line="2">
    <![CDATA[([][{}() \t#%$~[:alnum:]&_:+/\.-]+):([0-9]+):[0-9]+:[ \t]+([Rr]equired from.*)]]>
  </RegEx>
  <RegEx name="'Instantiated from' info (2)" type="info" msg="3" file="1" line="2">
    <![CDATA[([][{}() \t#%$~[:alnum:]&_:+/\.-]+):([0-9]+):[0-9]+:[ \t]+([Ii]nstantiated from .*)]]>
  </RegEx>
  <RegEx name="'Instantiated from' info" type="info" msg="3" file="1" line="2">
    <![CDATA[([][{}() \t#%$~[:alnum:]&_:+/\.-]+):([0-9]+):[ \t]+([Ii]nstantiated from .*)]]>
  </RegEx>
  <RegEx name="Resource compiler error" type="error" msg="3" file="1" line="2">
    <![CDATA[windres.exe:[ \t]([][{}() \t#%$~[:alnum:]&_:+/\.-]+):([0-9]+):[ \t](.*)]]>
  </RegEx>
  <RegEx name="Resource compiler error (2)" type="error" msg="1">
    <![CDATA[windres.exe:[ \t](.*)]]>
  </RegEx>
  <RegEx name="Preprocessor warning" type="warning" msg="4" file="1" line="2">
    <![CDATA[([][{}() \t#%$~[:alnum:]&_:+/\.-]+):([0-9]+):([0-9]+):[ \t]([Ww]arning:[ \t].*)]]>
  </RegEx>
  <RegEx name="Compiler note (2)" type="info" msg="3" file="1" line="2">
    <![CDATA[([][{}() \t#%$~[:alnum:]&_:+/\.-]+):([0-9]+):[0-9]+:[ \t]([Nn]ote:[ \t].*)]]>
  </RegEx>
  <RegEx name="Compiler note" type="info" msg="3" file="1" line="2">
    <![CDATA[([][{}() \t#%$~[:alnum:]&_:+/\.-]+):([0-9]+):[ \t]([Nn]ote:[ \t].*)]]>
  </RegEx>
  <RegEx name="General note" type="info" msg="1">
    <![CDATA[([Nn]ote:[ \t].*)]]>
  </RegEx>
  <RegEx name="Preprocessor error" type="error" msg="3" file="1" line="2">
    <![CDATA[([][{}() \t#%$~[:alnum:]&_:+/\.-]+):([0-9]+):[0-9]+:[ \t](.*)]]>
  </RegEx>
  <RegEx name="Compiler warning (2)" type="warning" msg="3" file="1" line="2">
    <![CDATA[([][{}() \t#%$~[:alnum:]&_:+/\.-]+):([0-9]+):[0-9]+:[ \t]([Ww]arning:[ \t].*)]]>
  </RegEx>
  <RegEx name="Compiler warning" type="warning" msg="3" file="1" line="2">
    <![CDATA[([][{}() \t#%$~[:alnum:]&_:+/\.-]+):([0-9]+):[ \t]([Ww]arning:[ \t].*)]]>
  </RegEx>
  <RegEx name="Undefined reference (2)" type="error" msg="3" file="1" line="2">
    <![CDATA[[][{}() \t#%$~[:alnum:]&_:+/\.-]+\.o:([][{}() \t#%$~[:alnum:]&_:+/\.-]+):([0-9]+):[ \t](undefined reference.*)]]>
  </RegEx>
  <RegEx name="Compiler error (2)" type="error" msg="3" file="1" line="2">
    <![CDATA[([][{}() \t#%$~[:alnum:]&_:+/\.-]+):([0-9]+):[0-9]+:[ \t](.*)]]>
  </RegEx>
  <RegEx name="Compiler error" type="error" msg="3" file="1" line="2">
    <![CDATA[([][{}() \t#%$~[:alnum:]&_:+/\.-]+):([0-9]+):[ \t](.*)]]>
  </RegEx>
  <RegEx name="Linker warning" type="warning" msg="2" file="1">
    <![CDATA[([][{}() \t#%$~[:alnum:]&_:+/\.-]+):\(\.text\+[0-9a-fA-FxX]+\):[ \t]([Ww]arning:[ \t].*)]]>
  </RegEx>
  <RegEx name="Linker error" type="error" msg="3" file="1" line="2">
    <![CDATA[([][{}() \t#%$~[:alnum:]&_:+/\.-]+):([0-9]+):[0-9]+:[ \t](.*)]]>
  </RegEx>
  <RegEx name="Linker error (2)" type="error" msg="2" file="1">
    <![CDATA[[][{}() \t#%$~[:alnum:]&_:+/\.-]+\(.text\+[0-9A-Za-z]+\):([ \tA-Za-z0-9_:+/\.-]+):[ \t](.*)]]>
  </RegEx>
  <RegEx name="Linker error (3)" type="error" msg="2" file="1">
    <![CDATA[([][{}() \t#%$~[:alnum:]&_:+/\.-]+):\(\.text\+[0-9a-fA-FxX]+\):(.*)]]>
  </RegEx>
  <RegEx name="Linker error (lib not found)" type="error" msg="2" file="1">
    <![CDATA[.*(ld.*):[ \t](cannot find.*)]]>
  </RegEx>
  <RegEx name="Linker error (cannot open output file)" type="error" msg="2;3" file="1">
    <![CDATA[.*(ld.*):[ \t](cannot open output file.*):[ \t](.*)]]>
  </RegEx>
  <RegEx name="Linker error (unrecognized option)" type="error" msg="2" file="1">
    <![CDATA[.*(ld.*):[ \t](unrecognized option.*)]]>
  </RegEx>
  <RegEx name="Compiler error (unrecognized option)" type="error" msg="1">
    <![CDATA[.*cc.*:[ \t]([Uu]nrecognized.*option.*)]]>
  </RegEx>
  <RegEx name="No such file or directory" type="error" msg="2" file="1">
    <![CDATA[.*:(.*):[ \t](No such file or directory.*)]]>
  </RegEx>
  <RegEx name="Undefined reference" type="error" msg="2" file="1">
    <![CDATA[([][{}() \t#%$~[:alnum:]&_:+/\.-]+):[ \t](undefined reference.*)]]>
  </RegEx>
  <RegEx name="General warning" type="warning" msg="1">
    <![CDATA[([Ww]arning:[ \t].*)]]>
  </RegEx>
  <RegEx name="Auto-import info" type="info" msg="1">
    <![CDATA[([Ii]nfo:[ \t].*)\(auto-import\)]]>
  </RegEx>
  <RegEx name="Linker warning (different sized sections)" type="warning" msg="2" file="1">
    <![CDATA[([][{}() \t#%$~[:alnum:]&_:+/\.-]+):[ \t]+(duplicate section.*has different size)]]>
  </RegEx>
  <Sort CFlags="-std=c90 -std=c89 -std=iso9899:1990 -std=iso9899:199409 -std=c99 -std=c9x -std=iso9899:1999 -std=iso9899:199x -std=c11 -std=c1x -std=iso9899:2011 -std=gnu90 -std=gnu89 -std=gnu99 -std=gnu9x -std=gnu11 -std=gnu1x"/>
  <Sort CPPFlags="-std=c++98 -std=c++03 -std=gnu++98 -std=gnu++03 -std=c++11 -std=c++0x -std=gnu++11 -std=gnu++0x -std=c++1y -std=gnu++1y -static-libstdc++ -shared-libstdc++ -fpermissive -fdeduce-init-list -fcheck-new -fstrict-enums -Weffc++ -Wctor-dtor-privacy -Wdelete-non-virtual-dtor -Wliteral-suffix -Wc++11-compat -Wnoexcept -Wnon-virtual-dtor -Wreorder -Wstrict-null-sentinel -Wno-non-template-friend -Wnon-template-friend -Wold-style-cast -Woverloaded-virtual -Wno-pmf-conversions -Wsign-promo"/>
</CodeBlocks_compiler_options>
